x0,x1
94.68771074254097,0.8181558722806014
17.013787520056205,0.8407248260886007
85.88197047170448,0.789956210685527
71.33845468082006,0.42076488089012615
51.80727298305222,0.1963493431789406
39.41309954188703,-0.0015473657507635644
10.355919128367521,0.5597104632840266
30.20275558005873,0.93317728894814
58.18850262258539,0.17957645183089377
97.83042147977356,0.7293529504784626
65.26320461466794,0.3397537912438219
93.05161249084489,0.5517544479101504
67.70615895913912,0.4558080204211617
93.2210981874301,0.6628257662806409
68.41259490716453,0.7378083331052627
107.23112751066981,0.411611469309529
15.320882370834028,0.9880542843160103
38.933337294462035,0.016011308879669492
89.1128171659539,0.5038744613023655
37.91912965613864,0.6379384908861359
52.18758400463154,0.7454594923822637
2.751245245911259,0.08189596078187376
9.261966714363815,0.5263980872608424
66.97501549317573,0.2695592237485901
67.1507177857528,0.22527228346274125
72.78871010769284,0.3493000239006827
81.44876783580114,0.7101625551642312
74.96325301736084,0.3944796984823846
65.81678314494116,0.2739162712731365
64.99852524072077,0.27177550372788184
96.541817140947,0.7651134228799641
70.60725293943715,0.48198796548190975
58.491017518763755,0.520973180396274
61.256556173684,0.6407803611564699
27.17045255858302,0.4678526619092147
64.29717218863745,0.5491338158925709
42.304525608220246,0.5910764085751244
43.681447995721065,0.059778214783839365
78.78147590307924,0.7240143947901932
11.883764921705902,0.3946939629759989
45.04734142165934,0.043142696361281055
56.63744414480598,0.6035536076795701
38.93034998391121,0.6202999133435244
57.77997880137057,0.25105732392836877
2.290119367692892,0.01241226375145658
27.157362791423452,0.5000933827926047
81.63069208052313,0.743689354613915
91.23909707705741,0.7052769007418247
69.7574208392894,0.2821230263490716
85.70913832770167,0.8439972756774581
39.74655336584203,0.5562662249534713
64.44361618953415,0.7138499717665646
72.59970990710572,0.2178284959409117
29.67368864216531,0.560283645765736
23.856318252371576,0.903331888861398
60.41847542487635,0.11550994786110341
19.435488640976615,0.5431410890888785
6.875953984051815,0.31841583926374883
13.176835653643963,0.8467354849405211
64.12599159420016,0.5467120191702709
105.22164194608334,0.7844151025056357
58.19603201811263,0.2189763287215827
90.67043440277382,0.4755723670328877
66.36787228058596,0.205577214463173
24.985856369068483,0.9272298708296302
60.9629418969161,0.15934896301078436
11.64059083419762,0.8038419570343097
58.237375187612706,0.47242626055187215
87.19446671387333,0.8184461441156252
32.02252020419588,0.04817112352068412
62.81253916212324,0.43244932131623637
25.079988356457605,0.7829175894270073
55.200092791896,0.3722843073257436
89.82397641812669,0.6966686650904723
86.17040163123433,0.37590721083359313
83.47406883144315,0.809752134446249
18.40731030995138,0.34614816047843605
66.14444101221375,0.46913619873703893
3.915255015704365,0.10677034225632014
93.05845753036623,0.40421184215010775
23.78558651277719,0.3770939454323199
99.68714230314862,0.37986106632102645
33.17489154962207,-0.0266468437869753
65.23665207723518,0.1898884678915394
8.284827197162317,0.07471627641040679
21.839139277711606,0.7853157110974692
2.451094658130766,0.024585654173076857
34.08295349023816,0.6730746569631272
47.910370668362276,0.6574615840060688
67.21608557016305,0.2676250757308486
64.16218050674438,0.5066667131389907
20.089455970253546,0.859510798684
18.949311317895653,0.3983418300985061
68.51172079143278,0.7288681509026623
0.45594047784205116,0.011489533281350342
6.246551641181047,-0.01462455981434213
13.680362392755224,0.3236618096981689
24.261518490215796,0.49455333681742697
35.86351720334993,0.009546604644947911
0.5447997382180436,0.009516680726635786
29.505778156381073,0.9180491249998266
15.024267874315852,0.34459060013039994
56.21443116126203,0.6643406041556494
19.786103085434615,0.9279875366916361
28.591282778380172,0.8451920556458856
23.693708135264437,0.07455311454483579
44.0308387337888,-0.018384363005436326
88.4751452528661,0.4445800262593427
36.57104705234726,-0.028997400472323277
9.295667096590648,0.2832516611451137
57.635557382974426,0.3484563167786396
51.348380466248265,0.520572119827117
40.747224311707434,-0.08102455816327375
54.506981922777186,0.4923916361868101
67.94395966586428,0.47707155907738136
84.56272193701399,0.7629714219036514
27.57752029746931,0.8558483977463052
42.75455651861419,0.6030267786225432
64.60950528217853,0.6484607161003667
62.1048623249144,0.5809375709466431
-0.5978217627141569,0.37540001314458815
98.12892343635869,0.34974778014221075
23.726153877925924,0.923589998275057
92.16333261275776,0.8597317378054736
27.575491906409788,0.5490215081272473
68.16190260355701,0.677038513211436
59.705090382446066,0.6536037609645361
32.63162172038558,0.48176995454554783
41.08209703727669,0.6581073516137176
91.52858004602665,0.8106976637331429
99.20714753630375,0.5689167622080544
64.2365602835305,0.49487276449749384
99.65782017020025,0.7849843561185208
22.83914660452784,0.6611028659334793
62.026353723959616,0.27564997860699886
64.40248286220928,0.38246196693226525
22.56906322814734,0.3293190038783498
36.1991822513776,0.018486923798355315
3.7702623584626047,-0.0533083865978423
57.61943650095016,0.5290561942215914
38.677772212713,0.7113582967452043
16.411144110513657,0.8913321879669505
54.61449155625059,0.6935938110062967
62.2299110945147,0.32717700869973443
59.61421446107534,0.31610309050482177
96.47004737501693,0.48263983298101226
0.7342334710986463,-0.013402101554764324
-3.811749458218558,0.03656376872300754
64.2855226185916,0.6381841565226637
32.3034889253133,1.0161289859402443
28.433453965460448,-0.04105070008349809
25.361442023404663,0.3752824700713508
103.97294379305542,0.634096295368106
18.15060038002952,0.820632814164361
95.61241320688508,0.7030180670575298
101.19389425708583,0.5131053705976012
40.05272242423191,-0.026030309939613097
72.21258766819854,0.5340296816707061
73.27984973091498,0.6483348923170248
29.251255944582898,0.4558357612726912
61.28770095775914,0.5028733072768761
45.00716678779753,0.07220790331655574
86.7745490415494,0.7951553294475042
5.101105875090763,0.2758551622521268
4.500874618491146,-0.0458815975361577
19.31381655221979,0.2921307572199076
56.689239762188514,0.5203977058894699
98.28531260096413,0.4483168064990934
52.134091108316824,0.44583826337206955
60.49095594553856,0.580754974761001
70.82031234919539,0.3221188592910478
63.890263457174115,0.3895029000487128
78.29039784174725,0.6804556759306162
-0.14519596558146552,0.001507535188550596
28.83869061662968,-0.07072487003419183
59.4525854436418,0.2784637291228666
69.57605584140605,0.6310063225804251
37.316547190809985,-0.054519521021045195
95.18033361369955,0.5485945373494876
42.933586527005865,0.5382706140197983
18.72627076392327,0.4744110940459533
49.960238465358366,0.5343256312791412
59.117906488401104,0.40475964470412035
25.045526362075144,0.8512528543270458
17.690378543232693,0.5073086224029365
63.11201392738951,0.2812963094796866
63.79107215526595,0.17464584896872792
40.12868712639611,0.5483596170600011
88.15018859683485,0.46937739023573744
40.12336204819617,0.0769382963098302
30.087178347927697,-0.10397695306815144
63.09425201197719,0.2170753235622177
94.11890201165886,0.5866011282676281
62.48106219928906,0.2262894857307502
84.85713050483179,0.5568826780305816
15.414153652976065,0.4890102444984275
65.17411975998385,0.30890877987499477
43.958709312463654,-0.03286111638618308
19.58334650653808,0.3855289338716665
14.306393415380287,-0.01677470775977529
63.55922519660256,0.27219782537505327
2.399721692991143,0.01645301216040606
27.308771359075273,0.5330083281267886
107.57835211926354,0.5695031912196186
14.810470553339389,0.592753532205493
42.54463377656449,0.5592746160850612
64.28351983331974,0.48524987803348013
46.868395950054875,0.5423202325943774
93.35021162450012,0.4944910208530682
21.16218305301474,0.9073561181300809
91.72612901165886,0.7763558866230371
39.44963311664762,0.6008839367884938
36.59576683151877,-0.05447973220900908
87.18078474496372,0.4349369469431662
42.366585986910025,0.09145733767138421
25.943193606822067,0.9729295074061745
109.31603730148495,0.36861320340392745
45.744815778846196,-0.007960749607633842
63.60525216753601,0.19017678663421322
40.404287492079725,0.0886261661446791
86.33879777794562,0.46588476553623226
26.973546737813013,0.932124944499404
24.10841793676113,0.6264438657819446
24.378042610410684,0.4338171133486572
89.97424087254912,0.7417308792422845
91.93312850073296,0.6723532862742935
39.750980267546346,0.6835201413387838
26.6787432076244,0.9197171399965315
52.99663520349195,0.6533077283853624
61.997406048267386,0.5874005873446502
59.6351089646161,0.22889333992451788
26.24993935362069,0.9292329721249272
12.195670816102359,0.20070191196329792
63.794964818983026,0.21538591721075032
26.810068899215413,0.999538847498723
14.2038615128935,0.9028047531739192
40.169667851175504,0.604561378960928
96.09432385688028,0.5652261171970179
104.32722689497271,0.48249282259829407
76.95031421563027,0.21951001936413767
17.763280809073727,0.333643440975649
19.076975550912113,0.3712947337243696
64.35755882139854,0.662182035373803
56.90261809201553,0.4501411545874102
67.00524327419834,0.24356156614164035
57.07829668685896,0.6650258617650832
101.55119365134048,0.5017017550410761
67.32485574539699,0.2991190901527198
16.995734617368278,0.37484096034745057
38.120349083642814,0.47512925092668434
100.43316668097764,0.5158785656914875
32.01490197425652,0.007151863584528663
88.15108216059792,0.7692743157858474
89.62605222665692,0.7749840785508503
26.923312901202195,0.04342212462525051
91.56441368848225,0.49238186998988204
6.356478847900271,-0.009865769788858194
11.143559501573378,0.0671292957612784
-1.2238799509601044,-0.1180291508594001
22.891788996665685,0.8868322353636372
66.50223956476131,0.3470292542661657
91.76699243586359,0.7589333469198261
28.578476708464272,0.5102795938566901
20.871935557084655,0.9644948751018626
31.76274410302208,0.5056932828973862
42.0164499586066,0.5973960635980796
16.155287974071538,0.2946477618734889
62.42072268059196,0.1342564119179694
61.964009887062254,0.7146046835280012
36.130524222507375,0.04648648225321353
96.59925397104675,0.7260428409831468
50.58770233903495,0.5400233121944163
72.70253515875186,0.4433756357278469
96.38982233104684,0.6367308944426964
88.6013774559526,0.735883982645654
23.42223687136638,0.3359379571618967
60.357669532504524,0.24952213373142498
66.04507316582689,0.27243714800453434
54.05141532524227,0.7210764543662569
36.57355001983284,0.7598615899805516
67.24269129946076,0.5527611866296462
59.43367221275635,0.3493602455196319
66.89218355769668,0.4482324886958564
11.832614887735561,0.5086172524242148
64.38464994864628,0.49138557882065104
85.20945084283824,0.689126888247299
45.937767622800216,0.6383942875589259
63.29269667970524,0.6747878300447853
64.97670693957063,0.1754289707140114
70.4225940801982,0.21534447471685803
60.88362014555104,0.3462258075771043
18.789510592858896,0.9120908848368812
4.411517004268226,-0.03246541900745096
28.492882661779795,0.4599962834639204
35.890285482204234,0.481846716454754
93.62307739839197,0.49332434682703663
15.88216312900281,0.9378255084779207
36.733286197837735,0.705203329700013
31.667671192680945,0.09607526068587625
67.88132729216511,0.2798874925842293
1.6288893095530665,-0.07319784665950915
95.60316163381499,0.4080007248691256
19.80549694041963,0.9326497197929581
22.39181950583196,0.4983246444850324
5.695099086698935,0.3313778029190454
12.636041411082621,0.3639047472502401
18.23048285167642,0.6502709966284893
37.85864845790351,0.0654172894032542
10.102543581213624,-0.03270498951555202
68.25417883705569,0.3320105121752233
33.16297742986702,0.07236190556189456
68.56519207506805,0.12086928144361514
61.1691202738054,0.23824706888536681
58.56868299220071,0.2961333037763666
56.055871632474265,0.5757814644885001
68.69824486473675,0.1859649471809962
23.328530635568082,0.333614254314046
27.522143207796468,0.36330702455589303
42.53184819711009,0.012081231636351322
37.3212893511161,0.5064429302005858
23.315621584556023,0.4919726764313017
26.035094837094867,0.5298710105607315
54.33236818613487,0.6472192792845377
69.77672440457532,0.4456841156864481
44.843909658245956,0.586983228572082
64.30334988598018,0.23862890146145488
64.54964438739135,0.5216072784561069
61.030360139333354,0.22596498248766547
66.98675430277169,0.5281181487840363
88.23198308448741,0.7798189221754805
73.58449926248989,0.3078815178003821
64.60345493961537,0.31585564003881633
62.54575470140201,0.2957677513235862
14.92612332321871,0.3732770887006443
71.44045719867663,0.31749597126443796
58.353776246138644,0.26132859162072725
25.33898503228268,0.37687294710092717
102.95902194219843,0.4314944768648682
6.380208565897987,0.27945211297157235
40.10948424774368,0.05887716698384236
22.52698092463522,0.9390766537188624
41.83699489915338,0.6339418572662805
81.03512623655239,0.6972089199811121
57.110848721841954,0.7900350818662081
101.90984030617771,0.5145023176201587
29.844024665149494,0.002738554919151707
59.069541304201934,0.3174700293314716
55.655448374115444,0.26044370962608565
95.73160325802804,0.7960493655424723
18.225988814638857,0.3155681023794216
97.82208505690288,0.37261702372100297
68.62939990363104,0.6951057836611851
43.367672459248965,0.10633518250775043
87.86134656715421,0.693699371290551
11.178671841737625,0.15386371143380403
11.626391573354024,0.889894490388403
34.925748169410355,0.667287413472428
-7.3275145433222155,0.019994158793371398
88.16662116886273,0.7883065356781496
-5.926504312389596,-0.07306802692960278
6.567815086174194,0.24630074278574335
93.76855992008396,0.4931361466756834
65.478977256557,0.2550593314025371
39.74986178372959,0.05617539817920618
21.994122458333166,0.5373106278400122
19.32943533316201,0.3760734930567317
71.6963841489627,0.2063415097682263
64.58328592366381,0.3221390502696707
15.079835695278257,-0.06764466345277734
16.65418643534146,0.9365426244941549
72.39694786068983,0.2598431234293079
90.82878576482251,0.44642146061821714
98.43571259080991,0.40223304382703784
99.07018606544837,0.7290098091820773
12.117004229249877,0.5471937547244582
97.06045221120232,0.7104123395245232
41.90529331542591,0.6312245547311559
37.10398714291425,0.5463440919775795
64.54929421445779,0.4944160442912351
26.952545818764566,0.8096576835372318
10.363357075771432,0.3334598470372323
6.953719636768292,0.38444959234581766
-3.6673490851539676,0.09083481215309441
8.007461866536634,-0.016658449582879174
22.02798227730786,0.42730290982031316
43.60833293032811,0.6890674532456007
19.316853584376148,0.3943672732612308
72.50598261814943,0.25333093077944624
64.91491626464875,0.5213690848128083
22.255066859824126,0.4506376273194951
33.73401566553041,0.0774724069672652
57.07843312264207,0.6946961907593132
15.886381395446636,0.47385306806547167
39.93086471052002,0.658877712172992
85.30925333873685,0.39719768298830926
17.9700146878996,0.33698559091800817
39.196171452939026,0.05192254518275828
42.23814916998427,0.09016989383103467
63.97731904194214,0.28494089462085814
20.512620035346806,0.5879853008483111
56.66754133252936,0.509628310329921
88.49475976921308,0.8108292716475366
50.688899429073196,0.5937296491446773
108.8360616888584,0.3835799694273129
79.08473897880043,0.6479992441429179
57.38675998950604,0.1979394236564056
61.246451644462695,0.5354226939655604
98.27048375568626,0.46075643572291314
41.73208745020299,-0.006772006576354114
21.018812647614876,0.902790562209169
64.38066582101615,0.2099211924963621
61.933016448516256,0.6851328078119019
42.82878402202188,0.1352181393749028
91.21497645803228,0.8015062500598671
61.17233043777953,0.24852121348589984
58.26031739602699,0.5808205626014833
101.13207271993585,0.47729889209036386
16.917741459675888,0.794658673156358
31.7502551973174,0.5903371223776807
25.76498602555221,0.9096512428493425
97.77937201531319,0.4080479635880524
44.03003860464147,0.5982146833010838
19.92196731493768,0.9131956578157866
0.22212344724643826,-0.04031968048813197
87.92543423693827,0.7558629421401556
13.888600034821588,0.8842052887994689
18.467206462933085,0.9324985495841196
54.15982798587265,0.17535598326375443
61.03190872262548,0.5983883039427784
41.647540238209906,0.6168293374078666
100.34611085008001,0.755584894599503
2.519047522931869,0.027359435171514273
84.4167496160743,0.29234559162806084
89.74151815079999,0.7021113267470757
27.449655979770554,0.8852583496342031
67.12478636552737,0.25141964732460786
64.07186262068186,0.4798747205374776
29.703827355299328,0.9695346600184853
90.68655699909523,0.8050950985465009
13.010783193164679,0.13498516987722067
50.65023065711092,0.6438800192102712
100.6011136989373,0.7347213087679897
98.1521985941936,0.7306049437057467
22.03483421074041,0.9371179680225239
31.18478018466943,0.6124827590173709
63.05139707255827,0.33707384121875344
55.439734529288145,0.45601612752270393
60.07113004481276,0.46884982040047607
21.65597976364242,0.8587912388552652
69.17251621921474,0.19538213611426847
7.5422620003812915,0.7959293018394964
80.61859977186745,0.7443740452475262
59.45818670794638,0.6209247680867497
33.993210012258714,-0.058540033276161405
70.72220305887413,0.8022310523987237
64.24790188914126,0.31457324841250384
4.754850465327839,0.07899772356181413
7.27910238386935,0.37903802482580523
75.47480472434415,0.24350007578230856
16.661974589978968,0.32384231921260503
68.38246872651816,0.3514267848670946
6.650416473740664,0.05441322001730504
48.67767877760512,0.517378288588197
88.50064088646474,0.5164654775547033
72.3039756440667,0.6965974611708952
2.5203741309493948,-0.023721409677992432
1.2519001321185295,-0.04250034891711712
-1.2119734101203177,0.29493153022849056
69.49596673191158,0.19942123317996174
3.9061521277033258,0.030017566051081288
21.628708028535833,0.46503623608165295
28.58584813124962,0.8748303525869088
70.13775536994662,0.2981714690254227
60.684758596098845,0.6910531797881949
67.18883642392478,0.23805979871333652
63.504414761658076,0.41740964827464405
64.89576209739695,0.19508323531731314
43.64693770260526,0.06677593567808962
28.15077821133083,0.9548263133877392
61.656409161107476,0.4794975494139282
93.92285640702995,0.7402736660934532
13.985224336037911,0.5243418678961229
71.51331156916511,0.5220675303882534
89.64776734276268,0.515899337763038
13.927120959045979,0.5152594607812797
10.964591057976685,0.20438406047628133
34.683422156704566,0.004786297736583581
35.4676224993345,-0.04522096610794493
68.97553284436924,0.4229446709908972
38.47728476007301,0.043759203743465265
40.87755014864088,0.6129508615123638
22.60838748532665,0.45866399694084764
67.51412117275984,0.20087654391156254
24.623990532907836,0.35397352100151735
-4.889885902806995,0.03753279934247213
19.411026971746008,0.41816030668261217
32.136794359718635,0.3808742357654975
59.90757298458246,0.266566375150865
56.286108562027536,0.4828326720571629
35.34197536616926,0.017063823967939623
9.86203661966333,0.010312655883633132
14.403696178927941,0.8471038019447851
31.911811968419578,0.039162633255462716
21.674968638782232,0.38688115754611907
63.14137075635706,0.4736161282324843
68.45587329024902,0.6275698649405869
16.85417766834982,0.3836789709120365
97.44963486910466,0.42388961600375186
34.51970771199735,0.039985927350430925
28.32587543807701,0.04116430282009912
64.38514413211031,0.26318736139320237
94.92755742287208,0.7770063903395272
29.221547255038573,0.648477549788394
75.41500784026348,0.2990356099009772
17.109180623895018,0.5290505485372238
27.211373619541586,0.9258364532305937
33.90889709262698,0.5302090879532843
52.67536840577607,0.19100467504604185
64.83356338709261,0.42382919757950027
23.628427227791313,0.8314360483504221
5.893576723249709,0.01920807036854133
30.208622698566167,0.09372217866959985
68.3384984710499,0.2560380720862504
10.231869867446568,0.9021477500777758
94.31463778238245,0.477783009506268
82.38842186939353,0.7620962280290176
67.87542684036467,0.612705371342765
68.87148751598879,0.48798310134003675
3.273018120449827,-0.08052556685779588
-0.4543236217059432,0.11328496320542948
49.46943797594485,0.4921583539694191
24.423409129091407,0.3641620246315747
62.78697144311789,0.5632877047564254
96.73202055079486,0.49059626250780397
22.442517889892272,0.8125754449761609
-3.1271221338699045,0.030693049190335123
50.09039180460291,0.6413345223625185
37.8703352803371,0.04318634199292927
68.21290480949281,0.26027603358211476
95.57025741991924,0.48360710497160536
95.09740782293949,0.7150011272472402
20.000668843968356,0.3649262573720548
87.75872409269118,0.3762897176862181
94.49389954999255,0.4503923563168654
43.35169727676184,0.6437138037673922
61.505832912554304,0.4807978074685485
56.38393456391644,0.48879023697668567
22.562843540577042,0.4434916010604485
7.235016042367571,-0.09599747942848205
72.20482387270786,0.30682796646745897
55.30378822880396,0.37148160267584546
90.13333910752829,0.7358332374845139
-5.7644678512298695,0.019825105355448534
33.36476007938482,0.09395904667440708
46.831910681896204,0.5637795758430592
54.94978266689412,0.6444995635160575
37.92318937272535,0.6188212000632235
61.85991257745969,0.2205637243193431
21.87425925834908,0.3618473411187176
13.004931228357572,0.33520167106642934
42.90903732775971,0.6311541327923549
102.05204657745747,0.5070837451998058
87.54317709815298,0.7693845443160815
88.62901381008953,0.499347188158605
75.45734655700817,0.2976702715266175
5.112039307417601,0.0518950342295365
0.38360782450903297,0.3552850814081799
59.794843703092496,0.6905002920814224
56.36765022701847,0.20665056543555596
68.80526160624994,0.37468541085576135
16.67189296541715,0.7604161772024126
61.33165057474845,0.3104862073575454
96.28677336366374,0.802102237646917
5.13775917309906,0.2861711420593172
13.042669713701146,0.3298825366706281
28.18135962567247,0.5004236357887184
55.480773318570655,0.24712907067107853
65.88234258735893,0.2522046507474684
102.5722414803892,0.37388508688256145
34.3408329389296,0.05324511193749751
97.32284362529859,0.5179917949283441
65.79701081061148,0.16171651456065883
43.87764587892471,0.5500315833741443
57.711706893049175,0.6760974549983183
46.10297353641597,0.5379761137401462
63.67688329666865,0.3667630521126374
42.2330255505461,0.6452238906543073
71.87671594977685,0.5223327440482854
49.653631581988954,0.5389671184027028
81.48878288001639,0.24666023618943864
93.09859749062797,0.35343988038900265
91.29383471895733,0.5642894022313251
63.21867565883086,0.2994185133847807
72.53160816726545,0.2599616521319025
15.485108064986802,0.3369539771689821
56.47359111503745,0.6604243840412831
22.729288760052665,0.9502395717408038
27.725986579107342,0.3650696121013605
26.80182660279066,0.3118662037080715
63.62680481197418,0.15441506299065977
66.07082351850482,0.17624074702772305
101.92279645100429,0.42715454409546705
13.276650171280824,0.06574548832621183
12.140042567090864,0.32098690941258373
20.873508664676688,0.26821598098666466
71.50357342833539,0.21952565629696674
25.473559312870016,0.5359341030366981
10.876785532497045,0.4403840455460308
104.29015942021455,0.40171794268547495
73.53372868892927,0.2659607620665511
41.84544339267637,-0.0199332239694648
43.80688899849847,-0.0006440110737208869
19.736682305984683,0.43438608530479783
56.77054620236548,0.5880382668493289
37.841839357344966,0.6327052496915867
15.486067265923968,0.44927139179331105
29.440460567560578,0.5481577578897223
59.49683961985646,0.6425700446072834
8.279545154030297,0.34725864456836475
76.17459871662498,0.777203178910233
-5.774688333959518,0.29206138003666177
56.46602176121256,0.12808384379185164
100.13985617076256,0.7342792909680863
22.086911317822793,0.38380107160565496
49.16470735097536,0.6161387908568609
39.95469942280507,0.04671744477348545
25.51025726076876,0.4020345024895998
58.142653393328956,0.3873519777914598
20.182204407895654,0.5479352196258972
82.30390052836371,0.7792995394519401
-0.6192019696729403,0.022738840042715154
98.79400612873872,0.42252379407993323
65.67838795081856,0.3037987622901808
48.99563751976238,0.46978178623458555
32.13297564550485,0.052212736935319026
38.48990532640653,-0.023458623949768678
39.753903772883184,0.551726408952299
1.4768888703991538,0.32587288659964153
91.00789172529183,0.5004004163231973
36.859707346765255,0.07396429653399259
23.6650336884185,0.9212165996649532
17.817200653950277,0.26509224374446816
34.413613548986234,0.00027324058231425336
17.336837153834814,0.8610844752327554
-2.231970893114235,0.08624528985884868
58.95062512615205,0.4203544084973022
24.35804438483313,0.5639617441882147
20.884317108377836,0.47425220340976154
57.69221267937263,0.14869071364415876
67.14956968144638,0.24789555160005994
70.57880924563376,0.18622638528948132
103.84003342654049,0.7278707981389182
47.14057773660617,0.5914074613714155
78.63810971947454,0.34191049800694107
38.40395122021007,0.017457247336364626
97.84802275051483,0.7776470913128081
70.82330160634426,0.19619056454874323
50.693485200238065,0.6906935369663778
25.412253388589257,0.33076101652727097
60.26974384325575,0.7970240685086079
7.099295672744328,0.2183588300314892
90.10840731928664,0.4452943370763736
21.35745140231865,0.42381981609057295
55.879385920231684,0.4599335784104962
65.3520511372694,0.3453556191769383
94.21689908497994,0.4198253718007884
4.243681826106213,0.13559698769725537
67.93064862226272,0.14743078956942637
22.206721796033676,0.913572981601185
68.50978224765552,0.4737653209621097
12.490896041324415,0.7749216194620767
49.38637734324969,0.4863133552694451
63.40790561400117,0.19106023385061335
8.95096799377548,0.08182114439430609
42.07963375373821,0.595381635400562
80.64062453268794,0.3617856838795742
58.75754371528789,0.6600999258806186
21.300888301294524,0.24087527954044025
39.395614531571724,0.14231527368889418
103.00005333558484,0.4807510259612902
99.07280703882185,0.6028787253594063
62.66289464810201,0.2713726524985238
32.49138374449372,0.6125128209111548
64.596356186947,0.2722339899496858
95.89159123471536,0.6149455183960452
19.95071080193684,0.506022467913209
12.145734881151826,0.34449717398022794
9.581828838618675,0.3824413131611872
57.587879338768985,0.36930685998719753
61.82188133650553,0.26557313226968227
62.18579957409373,0.7222858896230268
48.789200427253206,0.5923261611947416
68.8797615439614,0.675510792039803
91.00956560026286,0.45320048195510376
15.370785303194607,0.028230124529235963
75.25718689351557,0.45975742236447187
69.8612912615077,0.723993785610431
16.332204766847596,0.6416854620291575
31.108418218205987,0.4594081998481174
65.21469467758286,0.4170665749954235
8.365114271189722,-0.0972971765551034
61.815991893272745,0.6725384834685482
40.669069759814626,0.11146546637763731
98.49064894702039,0.7865113099550628
93.9534245098986,0.42080750616607027
95.99049220851343,0.4866485645053172
88.16527147412417,0.5402511198618775
88.68748636969084,0.8061940729718463
17.6523771707266,0.8647183827943389
60.53293107357091,0.279144780812473
87.0983408521381,0.6750563368675957
67.9417500741449,0.27441711999384544
52.51060465988261,0.4462692344574098
73.68014862199382,0.37062020661958894
65.93301475256372,0.47967763222924514
63.08828395856418,0.6777598842430534
25.11726077716212,0.34687825675659495
59.793347870975836,0.205913412893216
31.914995131344554,0.09216174847263847
69.38340533615225,0.20676217447620698
47.19451741012062,0.5630391710911454
26.029173131322086,0.6879070842449997
69.54334907832158,0.5596855266435822
-0.5700359966405805,-0.015355075930220542
68.74291454176979,0.5088243053334086
54.145968258504915,0.6215257948835571
39.81788454287412,0.5143772833890201
63.101852986359944,0.3139565668404774
4.986557559941013,0.14369422654650776
34.2813690129978,0.9245131162143011
53.453053560750284,0.40869084610533285
101.61258219346554,0.4440379176230839
31.479933768880297,0.5569799549922222
46.027010940658855,0.5690694282087713
16.236231779635933,0.2376971506172531
23.794130798568062,0.8965813843363126
-3.9649337288619706,0.09999938982562065
20.063400212306508,0.5915117718341916
36.51798061324783,0.54560243071198
36.64817214732414,0.050409565218157565
83.9518580030301,0.7800376993049345
28.103708053152292,0.5499770985694712
42.62439956174685,0.6772540626213476
98.34910394169225,0.38571181827414425
34.182165996726276,0.10202386243250162
66.27514671266792,0.4717908710936004
39.76776723251481,0.6359159690080797
80.05983858901797,0.7415518212446659
94.88414109486386,0.4017191079511804
25.70766493626322,0.4786047357218947
88.41918571039551,0.7530780661456143
67.33338747365936,0.6920795908826136
70.93594463665983,0.26911048485432
55.21658837508154,0.6585892621670348
54.940438010633216,0.45220383183381097
105.16307617479956,0.6665194509734285
-2.679421137203915,0.10368358037287019
72.68093132335868,0.26841318544997295
15.183106055020154,0.37507295530242446
77.60025443376611,0.25973600420955195
48.67128082523125,0.5967247870977559
63.16950140675265,0.29685970565285874
23.710699315281868,0.5168676461135389
71.8576371336043,0.4457226611764054
70.36822003723327,0.2251503023872549
21.757503077869767,0.3725102404280507
64.89196098809437,0.33141834651193836
70.39842360031338,0.248643773704247
45.0463854794862,0.5781409405650786
21.9308642676281,0.9137701795913844
16.04815305554664,0.4095210760296337
66.12943637576232,0.37993037965077525
26.357453052752444,0.880171335027773
11.018772404564135,0.46468648682365704
73.905555846351,0.39420960652142517
29.97029713552929,0.4536788303799886
32.57271573152542,-0.005489616900424037
20.807907643371948,0.8474832479788247
64.61011678159345,0.2533030719571324
69.21682777776942,0.37700731063490195
79.38565786982107,0.8362042053886212
42.03464302197435,-0.01660092123979938
8.311318850936695,-0.06753275005082769
34.11497206356346,0.6179311564951064
15.504497696042382,-0.0444991818176541
1.8358079640216212,0.03205833633995053
48.168309540212626,0.7541784223466588
14.609087276346482,0.3093366570984146
32.96877736527751,0.009423215912913254
11.837227827145727,0.06285755522577656
67.5258914689647,0.7358416271836228
45.23768311102568,0.6394737534462873
-1.780339029477098,0.027369896328101516
39.34500151385091,0.5972280261699697
22.097416623001763,0.6027610866583885
98.84991708903283,0.4261650927275715
16.005668606624596,-0.009122738076620545
63.07391657602784,0.7038037900631517
74.7026109319788,0.6595830262166485
24.95927150890001,0.8594318667837285
21.77496919400564,0.8716436786701203
78.62229437122309,0.3024569861045592
60.76571730455681,0.26299961605552896
66.07468507337802,0.6132192740273815
15.535262188597992,0.3769998765779924
5.384267666800643,-0.0060639151131399414
59.676090919452854,0.5045261290974739
67.56757729005216,0.4387118473041317
-3.6068859454081657,0.1083303533663869
10.463292914604962,0.342424080554957
16.955543616448114,0.22759194270451966
55.44699284927274,0.4501253359186769
54.97124675398128,0.5683776942226253
14.901890468192336,0.8018790231701228
34.033481790053536,0.08407471168230471
33.65325165246192,0.06107572756389861
63.76210636416635,0.28836458017404454
46.98216068155727,0.6115567740986118
58.215421427074,0.6909965992210192
57.80574048069966,0.531775011548667
74.12511776208834,0.2592439985920211
87.17421867975993,0.4126366951363219
14.499619918703546,0.2775963127212097
69.885632433915,0.5681552024594081
37.89744954781264,0.7426368269409283
55.1847029097588,0.7234784266473919
85.44082485732613,0.7508825493886491
53.55010109573759,0.5565782494641607
88.2160927173681,0.7110274359530826
24.191981032165625,0.40672302206000444
30.499887954084247,0.9119088993035847
39.839131738512954,0.06479217641158316
86.35126504005555,0.4105427085869305
66.18362382496275,0.48886074771679433
91.64932020623607,0.481233272564959
2.0389895002002083,0.056806338089410185
48.91446596630137,0.43839233189025023
22.51471988492108,0.4472572338854189
90.2757243302186,0.5098371894325736
18.9323749662136,0.48014965171048446
52.836071550962274,0.5920380184005016
64.19217724528123,0.2749317032794421
6.126648560307391,0.4816957053365158
11.693203185283593,0.03422964800803568
91.45157749927768,0.5285520136000273
24.327406402999163,0.08910209514511777
61.815361638815446,0.4756111894541018
42.67940508865796,0.5837548985955484
30.27505628692959,0.9553753194583388
12.033365141149059,0.8463643410603183
101.06718564394055,0.7072287735108865
87.5868561455291,0.7809899867570524
86.92516784422303,0.7186756409149095
0.8710856104484445,0.01503900945675921
94.9322598023678,0.6154428460068737
42.0484493351255,0.009058181316736105
14.439579654311324,0.5043861610684888
69.0623619001732,0.14350229824055188
90.10476857301607,0.8278826979133761
20.40222207366895,0.9450072803389509
27.50638765190262,-0.0899312468250983
-1.8782384389763345,0.011488374533672342
72.56770338338795,0.5609816382561581
28.4898673462537,0.6078702263634013
95.56911492098958,0.6940757848293698
65.75760594038844,0.21384066087444703
64.25722458307538,0.19555081528448273
27.729000882071027,0.5719569781369778
58.79237281784149,0.2617262100145827
94.36100832942518,0.735491037245285
84.57275074622765,0.7175639538809733
22.378311998322072,0.2311490030772459
10.889033215788965,0.2849130046204774
97.80068090060648,0.5342943633098305
3.7042698919107413,0.14265545461066606
37.35567691368398,0.5784890774934407
28.58061794144728,0.04166240605589115
65.19890277116282,0.29234806067232466
94.52115725896476,0.7210917421220788
54.369345748005536,0.4503512198621154
64.44970698752232,0.32778858624478524
2.7349857174340317,-0.1372693834195677
20.49795279504261,0.8865304904073702
100.3488714626682,0.7044133471822491
48.85256252933498,0.7551310574109139
15.178292552294728,0.36597739599848667
0.27742128721926285,-0.03824071204321702
-4.076648582190064,-0.0013504823507853037
34.813692123351544,0.7585135169387005
10.819353649887068,0.3602040280033351
77.1280998802212,0.3548853904727854
59.294351401031754,0.289985718867492
7.58458302588957,0.3482983676532918
59.70491377476882,0.3042408734116564
27.438507511212855,0.30870811226731737
2.348959921205497,0.053513718737904316
70.46672420649767,0.24406716235772155
92.51013479597137,0.45505048612890253
56.2625080305815,0.4782208714244984
13.914858769455895,0.33716443285380454
62.51806933855536,0.32906204655480586
9.617113150148121,0.34563244083309075
41.106816811727114,0.6631109621509497
17.649606955251134,0.40918466424064925
38.65326662222071,-0.03481985579830033
22.81515612776354,0.9745092601972428
52.51260787305717,0.4261416067406453
7.333538113756571,0.065079938151066
13.405595264059228,0.8188305767480129
22.486485522945042,0.2719598780301594
68.55845112715141,0.18788623282266806
102.12616313843093,0.4772121875108823
36.72203683507178,0.4937508725725975
58.34439007207802,0.43322414171834184
61.50651694056324,0.22909365733045722
20.099913062646923,0.4694843784925744
55.86136531224187,0.326816402624795
36.22293904670456,0.08791370275951023
19.77704656684976,0.230578317606071
25.877459176188616,1.0207554525264757
93.37068385084225,0.6996936160228086
21.82950727629864,0.7970493921357157
31.774026640187934,0.5179996292050915
71.26289017413036,0.38496418006910194
57.556814291942956,0.5277899528685963
58.19502748255581,0.5798490829978791
43.44551635521447,-0.005120642037238145
84.24527987442036,0.8040603920368559
13.781271844730462,0.42004912036824354
23.994966943782636,0.4385734787815163
92.08890459385776,0.4279386158267652
96.61002286839465,0.7426506547394127
27.43317644707816,0.5306719666337298
71.71022606211933,0.16927252524237157
28.895315136159034,0.9345812276666677
71.62837798516748,0.304638073003123
35.69246781217639,-0.04825896644940003
26.57888032264627,0.29650744798570633
53.81749364181886,0.46234439680694006
76.20685041986289,0.2712535210810701
89.68127872090633,0.5268575865589538
62.30167170312605,0.6435439195706161
53.28586235885253,0.48190066858803204
62.893076254792554,0.6468979284586583
66.98793656095529,0.24854406699310538
90.09786754620399,0.699070322936336
90.98092815315754,0.8700764639789104
62.974736798845946,0.2663873524287345
90.69469387142637,0.7810414996225666
70.12779862043116,0.2797377272529024
66.42653154964194,0.6187617416938085
10.690512981847453,0.3587460115769169
16.166396993627917,0.31661376812704023
43.04406167664753,0.6031219714974317
13.476996202182528,0.9225672122950979
68.54922527329504,0.1731263480364039
88.11186479920374,0.45097889603635266
12.694651028856391,0.581379969342595
30.58468822392641,0.06066421310151522
94.15647835513752,0.4649033871808581
67.80038072319499,0.22239809736002103
75.40035094006842,0.19364584780271063
63.0575982073002,0.2501966408768523
36.58201164885044,0.647653256935494
71.8017053647459,0.4533647471583504
35.2782764548673,0.4830506397306367
60.40585318828187,0.5284765043825553
86.27175449095887,0.2448340387299148
17.67534255514613,0.9054959358742177
24.31583104264616,0.5767916327158609
11.17851091887991,-0.018694684943914068
17.10941153321083,0.9014770494527546
95.14307080243354,0.3366053834083852
38.15308079311211,0.5478617374976098
73.7731757867767,0.6460446850766184
96.02534063991286,0.37975857332278695
61.26095076351125,0.24459662781108107
93.96037612972172,0.5613078923715054
1.8738723106816064,0.1818300490656484
66.82220266079145,0.5602559459147579
64.04768815655936,0.3446983563742754
59.843931787959036,0.6336336269882075
47.2742610087014,0.667725449102627
58.27947982756966,0.46397954132451596
43.193325115023036,0.010022715071649355
7.932996962340827,-0.044963638367431516
3.2017889350697675,-0.004001130553615548
38.45744337537086,0.6370055427347845
68.34557902135892,0.25834337933545537
62.47644282137226,0.15265673349155362
76.35639807863407,0.33201376723158604
42.52322252543809,0.5682775652344516
15.209031108668485,0.34885718849951625
19.402161680177265,0.4345667088026207
40.9467705486503,-0.008875538974069848
92.11448103350861,0.7680127952155068
57.52497471330484,0.6213700050522106
68.49576650254554,0.1971804812537507
70.10110240646793,0.38471041572311016
57.08868804651659,0.30933092925659716
34.67580990809546,0.6383301704693235
6.810435671375649,0.0005206130012149618
63.44433297029829,0.35177733655839144
75.2641523644461,0.22343509271526385
64.10697137070882,0.3032831470782381
34.27969784006811,0.7154078583131465
59.31786211698918,0.41331094068380636
27.922913486363804,0.550403807878237
26.773407528902577,0.8409658126266294
52.22077744817704,0.5109171790726414
8.32062204866719,-0.016591779329744566
84.52124868633393,0.7969801503155539
49.61582633655859,0.5640574908335758
1.6590737804836324,0.016361466840471236
60.76914000833706,0.4654271586029848
19.346089219450164,0.8938309395807513
36.60788947500275,0.05076228678416515
86.551488066843,0.7566189408535459
13.541308548929171,1.0143519096376346
65.62979377672215,0.497842907665782
17.30742924661598,0.8490026573777584
34.84846368642989,0.015257063748146912
68.29767738329662,0.4211711547687119
7.896214299243078,0.1635103117241373
14.811151841020715,0.9483551660504329
61.57081753071496,0.5013106878048263
23.20687596310338,0.921676989598782
1.536468500650788,0.05166331741832987
93.38683523705082,0.42299766514467513
59.72900712503749,0.5377220178441184
46.186260936236195,0.5730227260276901
40.02870552850166,0.708279372106468
58.33618906711824,0.27784709974016636
21.623623343509287,0.35043919672549173
0.25951218946302923,-0.09203423668004175
70.71490646863661,0.2952490671291205
17.323042211377686,0.3940341867332347
88.58085703441483,0.8285607913401294
59.61855905712057,0.23535215751054983
31.669597883504665,0.47477842176831087
64.73159725340535,0.2362780847716341
71.82450856405731,0.32502882927154025
92.08976537226717,0.7662556184186804
19.860188111020015,0.4811178987696064
45.44971276448969,0.03358765498849897
67.20442293830004,0.27425977745255625
52.39186054550032,0.7154679166198079
100.67476057466574,0.46424960771688717
71.15774371950411,0.250902730590404
22.391396758658864,0.37265654994176733
31.718199999984176,0.11041531553689742
42.92465360402343,0.7060563454550999
8.488418846931504,-0.03554607918684454
63.676028519356485,0.13692885643252856
60.60390375674777,0.5257762437272386
100.2383784635464,0.5091621335382037
64.62375380656677,0.6227711808326417
31.73579730839998,0.011975590512904147
60.831631633443465,0.22814326898680226
67.87032443003902,0.21230525807350792
30.005822210687576,0.4963800494694103
26.41148277732759,0.5387125780013142
55.34384184598922,0.8133778242749247
17.30616765680095,1.0365673902023609
68.23829194544538,0.5653378927290071
56.36156518699581,0.5351114898387462
62.39101144863339,0.4119912079533736
66.2105265547028,0.36003934609157506
56.111239628181444,0.7403154727724215
21.065133436810665,0.8627814321344294
60.29324358707762,0.22800177103103525
66.99520534470827,0.46646366776354814
70.94626808482738,0.5991910215964354
66.23732803328782,0.209813148638254
-3.3548807016284945,-0.01982956158202613
3.665959802857789,-0.008266089851667009
1.2310991613402655,0.00828738302845864
61.16693795892414,0.6246865792471672
24.600577056864612,0.5045535912027092
85.18540190733196,0.7375313585699323
57.39889110868233,0.32825357643704733
9.375826741336759,0.015475893013144825
23.765130017507992,0.9256759295663574
39.42840930238775,0.6606490164582887
28.141725605094592,0.8204403215072027
57.174612312994334,0.6800307397793945
73.11660139960698,0.27101063743918524
54.06956397161938,0.7528582263433254
91.52584964283574,0.709147774846001
10.814637972531802,0.9444303403225847
21.75364391314974,0.8785246171108148
46.84725484007178,0.031351474757702745
55.562483512810836,0.5819373763966471
33.45812652438928,-0.05420319272007344
92.94689597694837,0.7541240805508597
46.872773100786105,0.07108522550628472
18.01928241679489,0.9060733778070124
30.392445744152223,-0.04600316349869077
71.88757199586186,0.3109967221315157
7.281701178128193,-0.00549188535476372
20.458901322049066,0.6076886492745973
68.58321729817868,0.5122832725739903
24.605822870937207,0.4240003617314865
22.485181243651237,0.8404861761931046
64.50452147272665,0.5684078300782425
66.12829385444708,0.5205530362236083
97.16181259080867,0.5091621224552835
43.27985058098639,0.5795195628829566
104.62270310673438,0.7578866622642996
92.64460749682509,0.5398787499413283
64.06665423362537,0.3409826117428444
89.95134064152653,0.7155357145634739
7.665576473685595,-0.00947852565162043
75.07833478354709,0.21604300624408831
69.76773509949989,0.20825621617069098
91.3408351116337,0.4598236962467766
13.366356771980398,0.5498299675973083
57.505045126080155,0.6613509775884325
15.353596586386379,0.6030610183815381
64.36385153962753,0.2602079975674197
57.35327979199527,0.17295474771899
19.644788591265723,0.337905121267723
84.36389999650576,0.5376274892613732
6.571363702424227,0.1321041271482294
65.3770107128147,0.44448190598419113
56.01775238136478,0.5337046631486035
32.83767994431637,0.0036909706438982177
49.476530181007725,0.5718804779364226
-3.938499359816372,0.36913174947625854
73.71552353917696,0.30991576523655373
57.77085070318151,0.6594573928610659
14.08296382093125,0.8804562149857327
66.98367904345604,0.13349872846134006
26.16299351589546,0.8435670284419925
13.70609446383806,-0.019034459226325358
19.228243610809788,0.9751586728868674
85.16373218197901,0.7207375190384253
64.05302314112463,0.406127882587887
72.09553028754357,0.3208073289510632
60.43331308143243,0.492662318929323
57.82325731845308,0.4805986380684074
42.06364753256657,0.05713481241630472
97.69071978400764,0.45181154799896694
61.35844845148718,0.23593875665030517
91.30447138747992,0.7410775349977116
62.2445117628779,0.674386816890012
2.426103978476815,0.09085273320940364
59.72415299674563,0.30090129096640533
63.887442281138576,0.4771424761405176
34.34609931739833,0.5553476593001128
-0.23828275582856717,0.02135286377553779
23.636349477173415,0.40338433257827694
91.49423848228207,0.7227006198211872
90.62954215072281,0.6943854077967733
70.31017781704094,0.2616532279052626
17.477708716077395,0.30025545772974127
19.42658043472333,0.9527366490627237
10.620148272254633,-0.06981744276175475
63.96432680680954,0.3601251370686552
15.073728279774762,0.5948412670804247
53.298707534647626,0.6871485984336176
71.22980383952296,0.2049661742796436
17.07896357697943,0.9310663959969051
93.26383624567934,0.4097721758609933
55.23959062890842,0.7338850707380175
48.91366660713492,0.6357814551123525
44.52217470477796,0.5902792482577615
82.7403003438992,0.7715828651834895
28.248628426726007,0.5208346077589758
33.65000180864551,0.012492486051283282
97.19191756319583,0.4739649615914384
63.52547822015813,0.18297130177219573
85.35207564771065,0.478014871005971
8.288545468050687,0.061947302610218316
59.002085693223194,0.5585651044499447
92.19663861698571,0.452284096814753
9.93175370621696,0.08576867608601482
41.769445678408296,0.5756999444136186
22.213775569173716,0.8802794682209474
-0.1809311121780316,0.06322370396786017
99.24671975231284,0.7336054704628446
95.12487518020929,0.5059649929952721
56.444723722537226,0.4481213745082903
59.00700943380183,0.4451731359207083
63.17023010805206,0.2778279147331887
43.00574578402795,0.09599428733984652
27.169237141811685,0.5611383064725266
28.28104557094807,0.8691825360871157
66.35540196648691,0.3048286553030582
64.82273774164666,0.26508932849737377
18.688714442385663,0.61068964768065
-4.338452118508876,-0.055731187647881916
41.58211056803121,0.5821839194485844
63.55810592223082,0.30518986251037655
48.487431274698565,0.6141757068039781
38.93852966391925,0.5636368478575291
15.169173182307249,0.9150244685105553
63.85719740088981,0.6168006418282609
22.152472149864153,0.8730638546633385
52.36790859799123,0.5158791624260528
